Email,Name,Gender,10th board,10th marks,12th board,12th marks,Stream,Cgpa,Internships(Y/N),Training(Y/N),Backlog in 5th sem,Innovative Project(Y/N),Communication level,Technical Course(Y/N),Placement(Y/N)?
payal_roy79@gmail.com,Payal Roy,Female,State Board,96.7,CBSE,70.2,Mechanical Engineering,7.37,No,Yes,No,No,3,Yes,Not Placed
shreyoshi_dey13@gmail.com,Shreyoshi Dey,Female,WBBSE,96.2,WBCHSE,90.6,Electronics and Communication Engineering,9.35,No,No,No,Yes,4,No,Not Placed
rohan_nandi12@gmail.com,Rohan Nandi,Male,State Board,97.5,CBSE,69.6,Information Technology,7.84,No,Yes,No,Yes,3,Yes,Placed
smita_agarwal90@gmail.com,Smita Agarwal,Female,CBSE,96.9,Other state Board,77.6,Computer Science in AIML,7.87,Yes,No,Yes,Yes,2,Yes,Not Placed
samaira_singhania95@gmail.com,Samaira Singhania,Female,ICSE,99.1,CBSE,62.8,Computer Science and Engineering,9.26,Yes,Yes,No,Yes,1,Yes,Not Placed
rakeshdeyrlo@gmail.com,Rakesh Dey,Male,CBSE,85.5,CBSE,86,Computer Science and Engineering,9.2,Yes,No,No,Yes,2,Yes,Not Placed
dheeraj_thakur88@gmail.com,Dheeraj Thakur,Male,State Board,98.2,CBSE,83.4,Computer Science and Engineering,8.83,Yes,Yes,Yes,Yes,2,Yes,Not Placed
dharmikc22@gmail.com,Dharmik Chsuhan Chauhan,Male,State Board,79.4,Diploma,82.1,Production Engineering,7.52,Yes,No,No,Yes,3,Yes,Placed
suman_sen68@gmail.com,Suman Sen,Male,WBBSE,88,Other state Board,83.2,Computer Science in AIML,7.06,No,No,No,Yes,3,Yes,Placed
sneha_pal5@gmail.com,Sneha Pal,Female,CBSE,84.3,CBSE,70.9,Civil Engineering,7.34,No,No,No,No,3,Yes,Not Placed
mukesh_mandal71@gmail.com,Mukesh Mandal,Male,ICSE,84.1,Other state Board,67.9,Computer Science and Engineering,7.12,No,No,Yes,No,1,No,Not Placed
shreya_shukla17@gmail.com,Shreya Shukla,Female,State Board,97.8,ISE,95,Computer Science and Engineering,8.87,Yes,Yes,No,Yes,4,Yes,Not Placed
pranab_bhattacharya30@gmail.com,Pranab Bhattacharya,Male,ICSE,83,CBSE,79.8,Computer Science and Engineering,7.13,Yes,No,No,No,4,Yes,Not Placed
mita_pal33@gmail.com,Mita Pal,Female,CBSE,78.5,Other state Board,62,Mechanical Engineering,7.18,Yes,Yes,No,Yes,1,Yes,Placed
kunal_bhowmick27@gmail.com,Kunal Bhowmick,Male,WBBSE,95.9,CBSE,73.2,Information Technology,9.14,Yes,Yes,Yes,Yes,1,Yes,Not Placed
amit_dey53@gmail.com,Amit Dey,Male,WBBSE,75,Other state Board,68.9,Electronics and Communication Engineering,7.58,No,No,No,Yes,4,Yes,Placed
mita_bardhan92@gmail.com,Mita Bardhan,Female,WBBSE,89.8,CBSE,88.6,Computer Science and Engineering,7.66,Yes,Yes,No,Yes,5,Yes,Placed
chatterjeenaitik@gmail.com,Naitik Chatterjee,Male,ICSE,93.6,WBCHSE,87.6,Computer Science and Engineering,8.92,Yes,No,No,No,3,No,Not Placed
debanshu_sen11@gmail.com,Debanshu Sen,Male,CBSE,87.4,ISE,80.2,Computer Science and Engineering,7.17,Yes,Yes,No,No,4,Yes,Not Placed
meyenka_rao10@gmail.com,Meyenka Rao,Female,WBBSE,96.3,CBSE,78,Electrical Engineering,7.51,No,Yes,No,Yes,1,Yes,Placed
prakash_singh58@gmail.com,Prakash Singh,Male,State Board,82.4,Other state Board,77.3,Mechanical Engineering,8.97,No,Yes,No,Yes,2,Yes,Placed
nayanika_choudhury99@gmail.com,Nayanika Choudhury,Female,ICSE,87.6,ISE,88.9,Electrical Engineering,8.79,No,No,No,No,4,Yes,Not Placed
ayush_kumar_singh91@gmail.com,Ayush Kumar Singh,Male,ICSE,76.9,CBSE,68.2,Electrical Engineering,8.1,Yes,Yes,No,Yes,5,Yes,Placed
rahul_yadav53@gmail.com,Rahul Yadav,Male,ICSE,72.8,Other state Board,87.2,Electrical Engineering,7.08,No,No,Yes,No,4,Yes,Not Placed
anisha_mitra38@gmail.com,Anisha Mitra,Female,State Board,98.2,CBSE,68.1,Civil Engineering,7.79,No,Yes,No,Yes,1,Yes,Placed
shreya_choudhury19@gmail.com,Shreya Choudhury,Female,WBBSE,89.3,CBSE,71.2,Electronics and Communication Engineering,7.78,Yes,Yes,No,Yes,1,Yes,Placed
kaushik_bhowmick78@gmail.com,Kaushik Bhowmick,Male,CBSE,90.2,CBSE,77.2,Civil Engineering,7.22,No,No,No,Yes,1,Yes,Placed
naira_patel62@gmail.com,Naira Patel,Female,WBBSE,77.9,CBSE,80.1,Computer Science and Engineering,8.84,Yes,Yes,Yes,No,4,Yes,Not Placed
mita_yadav64@gmail.com,Mita Yadav,Female,WBBSE,98.5,Other state Board,84.2,Computer Science and Engineering,9.37,Yes,No,No,Yes,4,Yes,Not Placed
aparna_mishra16@gmail.com,Aparna Mishra,Female,WBBSE,72.2,WBCHSE,93.7,Electronics and Communication Engineering,8.98,Yes,Yes,No,No,5,No,Not Placed
prakash_sah94@gmail.com,Prakash Sah,Male,ICSE,93.4,ISE,92.2,Computer Science and Engineering,8.85,Yes,No,No,Yes,4,Yes,Placed
ayushi_shukla9@gmail.com,Ayushi Shukla,Female,ICSE,85.6,ISE,86.4,Computer Science and Engineering,7.8,Yes,Yes,No,Yes,4,No,Not Placed
nishant_dev95@gmail.com,Nishant Dev,Male,ICSE,94.6,ISE,79.6,Computer Science in Data Science,9.26,Yes,No,No,Yes,3,Yes,Placed
piyali_mishra80@gmail.com,Piyali Mishra,Female,WBBSE,79.6,CBSE,74.1,Mechanical Engineering,7.01,No,Yes,No,Yes,5,Yes,Placed
suvankar_kar61@gmail.com,Suvankar Kar,Male,CBSE,73.8,CBSE,73.4,Civil Engineering,8.87,No,Yes,No,Yes,5,No,Not Placed
arpita_chakraborty84@gmail.com,Arpita Chakraborty,Female,CBSE,77.8,WBCHSE,94.3,Computer Science and Engineering,9,Yes,Yes,No,No,4,No,Not Placed
vikram_roy16@gmail.com,Vikram Roy,Male,State Board,77.6,WBCHSE,80.9,Information Technology,7.74,No,No,No,Yes,3,Yes,Placed
anisha_modi58@gmail.com,Anisha Modi,Female,CBSE,71,ISE,67.1,Information Technology,8.48,Yes,Yes,No,Yes,3,Yes,Placed
ayush_singh43@gmail.com,Ayush Singh,Male,CBSE,94.1,CBSE,66.4,Electronics and Communication Engineering,7.05,No,Yes,Yes,Yes,2,Yes,Not Placed
shreya_banerjee81@gmail.com,Shreya Banerjee,Female,ICSE,72.1,CBSE,70.2,Computer Science in AIML,7.16,No,No,No,Yes,2,Yes,Placed
vidya_mishra44@gmail.com,Vidya Mishra,Female,ICSE,82.6,WBCHSE,67.3,Computer Science and Engineering,7.95,Yes,Yes,No,Yes,3,Yes,Placed
abhijit_ganguly66@gmail.com,Abhijit Ganguly,Male,WBBSE,71.9,WBCHSE,67.4,Electrical and Electronics Engineering,7.88,No,No,No,Yes,1,Yes,Placed
vidya_iyer45@gmail.com,Vidya Iyer,Female,CBSE,80.5,ISE,74.2,Electronics and Communication Engineering,8.86,Yes,Yes,Yes,Yes,2,Yes,Not Placed
ayesha_banerjee57@gmail.com,Ayesha Banerjee,Female,State Board,87.2,WBCHSE,80.4,Electronics and Communication Engineering,7.65,Yes,Yes,Yes,No,4,Yes,Not Placed
ayushi_mazumdar6@gmail.com,Ayushi Mazumdar,Female,CBSE,70.3,Other state Board,79,Computer Science and Engineering,9.34,Yes,Yes,No,Yes,2,Yes,Not Placed
anupam_pal96@gmail.com,Anupam Pal,Male,State Board,75.2,WBCHSE,82.5,Mechanical Engineering,8.52,No,No,No,No,5,No,Not Placed
suvankar_bhowmick11@gmail.com,Suvankar Bhowmick,Male,State Board,78.9,ISE,91.2,Electrical Engineering,8.65,No,Yes,No,Yes,1,Yes,Placed
madhuri_agarwal98@gmail.com,Madhuri Agarwal,Female,WBBSE,86.3,Other state Board,62.6,Computer Science in AIML,7.1,No,Yes,No,Yes,1,Yes,Placed
suhana_mukherjee68@gmail.com,Suhana Mukherjee,Female,State Board,96.9,CBSE,89.8,Civil Engineering,7.09,Yes,Yes,Yes,Yes,3,Yes,Not Placed
bharat_mahto54@gmail.com,Bharat Mahto,Male,ICSE,75.9,CBSE,85.4,Computer Science in AIML,7.64,No,Yes,Yes,Yes,4,Yes,Not Placed
jaya_singhania91@gmail.com,Jaya Singhania,Female,CBSE,99.6,ISE,81.7,Computer Science and Engineering,8.57,Yes,No,No,No,3,No,Not Placed
anupama_sinha15@gmail.com,Anupama Sinha,Female,CBSE,95,CBSE,92.5,Information Technology,7.69,Yes,Yes,No,No,5,Yes,Not Placed
piyali_dutta68@gmail.com,Piyali Dutta,Female,CBSE,72,CBSE,65.1,Civil Engineering,7.57,No,Yes,Yes,Yes,1,No,Not Placed
piyali_chakraborty49@gmail.com,Piyali Chakraborty,Female,ICSE,88.6,WBCHSE,73.2,Computer Science and Engineering,9.23,Yes,Yes,No,Yes,3,Yes,Placed
gopal_mahto11@gmail.com,Gopal Mahto,Male,CBSE,80.7,Other state Board,76.1,Computer Science in AIML,9.51,Yes,No,Yes,Yes,1,Yes,Not Placed
amateurz.media@gmail.com,Siddharth,Male,CBSE,95,CBSE,90,IMsc Maths and Computing,8.15,Yes,No,No,Yes,4,Yes,Not Placed
vidya_shukla46@gmail.com,Vidya Shukla,Female,State Board,92,Other state Board,67.4,Mechanical Engineering,9.35,No,Yes,No,Yes,2,Yes,Placed
vikas_dev23@gmail.com,Vikas Dev,Male,ICSE,84.4,Other state Board,87.6,Computer Science and Design,8.58,Yes,No,No,Yes,3,Yes,Placed
arnab_sengupta45@gmail.com,Arnab Sengupta,Male,WBBSE,86.6,WBCHSE,84.4,Computer Science and Design,7.13,No,No,No,Yes,3,Yes,Placed
rahul.2002.dey@gmail.com,Rahul Dey,Male,CBSE,96.4,CBSE,97,Electronics and Communication and Engineeing,8.91,No,Yes,Yes,No,3,Yes,Not Placed
ishika_patel12@gmail.com,Ishika Patel,Female,ICSE,76.1,Other state Board,60.4,Electronics and Communication Engineering,8.94,Yes,No,No,Yes,1,Yes,Placed
nikhil_das17@gmail.com,Nikhil Das,Male,CBSE,75.6,Other state Board,93.8,Electrical Engineering,8.99,Yes,No,No,Yes,4,Yes,Placed
pranab_mazumdar37@gmail.com,Pranab Mazumdar,Male,WBBSE,99.9,CBSE,86.9,Mechanical Engineering,7.6,No,Yes,No,Yes,4,Yes,Placed
shubhamsri28101999@gmail.com,Shubham Kumar Srivastava,Male,CBSE,75,CBSE,48,Information Technology,5.75,No,No,Yes,No,3,Yes,Not Placed
nayana_ghosh91@gmail.com,Nayana Ghosh,Female,State Board,79.6,WBCHSE,61.7,Computer Science in Data Science,7.92,No,Yes,Yes,Yes,4,Yes,Not Placed
sunil_sinha25@gmail.com,Sunil Sinha,Male,State Board,91.1,ISE,74.2,Chemical Engineering,8.37,No,No,No,Yes,2,Yes,Placed
piyali_bhat42@gmail.com,Piyali Bhat,Female,CBSE,86.4,ISE,85.1,Electronics and Communication Engineering,9.56,No,No,No,Yes,3,Yes,Not Placed
sanjana_mazumdar9@gmail.com,Sanjana Mazumdar,Female,State Board,70.4,ISE,87.2,Civil Engineering,9.35,No,No,No,Yes,1,Yes,Placed
arnav_bhattacharya14@gmail.com,Arnav Bhattacharya,Male,ICSE,86.7,Other state Board,93,Computer Science and Engineering,7.45,Yes,Yes,No,Yes,1,Yes,Placed
diya_kapoor58@gmail.com,Diya Kapoor,Female,CBSE,72.2,CBSE,74.8,Computer Science in AIML,8.02,Yes,Yes,No,Yes,2,Yes,Placed
vinayak12031521026@gmail.com,Vinayak kumar,Male,CBSE,75,CBSE,68,Computer Science and Engineering,8.2,Yes,No,Yes,Yes,4,Yes,Placed
mahii828113@gmail.com,Mahenoor Ahsan,Female,CBSE,95,CBSE,86.4,Information Technology,9.46,Yes,Yes,No,Yes,3,Yes,Not Placed
aishwarya_kar82@gmail.com,Aishwarya Kar,Female,State Board,88.1,ISE,60.2,Electrical and Electronics Engineering,8.61,No,No,No,Yes,2,Yes,Placed
anisha_jha88@gmail.com,Anisha Jha,Female,ICSE,94.3,ISE,72.3,Electrical Engineering,8.53,No,Yes,No,Yes,2,Yes,Placed
mishraravikishan950@gmail.com,Ravi kishan mishra,Male,WBBSE,85,WBCHSE,87,Information Technology,9.3,No,Yes,No,Yes,3,Yes,Placed
indrajit_mazumdar31@gmail.com,Indrajit Mazumdar,Male,ICSE,82.8,ISE,87.2,Electrical and Electronics Engineering,8.49,No,Yes,No,No,4,Yes,Not Placed
panthapatim@gmail.com,PANTHA PATIM BHATTACHARYA,Male,WBBSE,64,WBCHSE,68,Computer Science and Design,7.5,No,Yes,No,Yes,4,Yes,Placed
ishani_singh44@gmail.com,Ishani Singh,Female,ICSE,94,ISE,87.2,Electronics and Communication Engineering,9.31,Yes,No,No,Yes,5,Yes,Placed
aishwarya_mukherjee12@gmail.com,Aishwarya Mukherjee,Female,WBBSE,71.8,WBCHSE,93.3,Mechanical Engineering,9.01,Yes,No,No,No,2,No,Not Placed
nikhil_kumar94@gmail.com,Nikhil Kumar,Male,State Board,76,CBSE,60.3,Chemical Engineering,7.84,No,No,Yes,Yes,1,Yes,Not Placed
bikram_sarkar25@gmail.com,Bikram Sarkar,Male,State Board,72.2,CBSE,77,Information Technology,8.27,Yes,Yes,Yes,Yes,3,Yes,Not Placed
trisha_singhania81@gmail.com,Trisha Singhania,Female,ICSE,96.5,ISE,86.8,Electrical Engineering,9.29,No,Yes,No,Yes,3,Yes,Placed
indira_iyer26@gmail.com,Indira Iyer,Female,WBBSE,86.9,Other state Board,87.4,Chemical Engineering,9.02,No,Yes,No,Yes,4,No,Not Placed
ishika_sarkar75@gmail.com,Ishika Sarkar,Female,ICSE,82.4,Other state Board,88.6,Computer Science and Engineering,9.26,Yes,No,No,No,1,No,Not Placed
arjun_pathak34@gmail.com,Arjun Pathak,Male,ICSE,74.9,Other state Board,81.5,Information Technology,7.32,Yes,No,No,Yes,5,Yes,Placed
soma_singhania43@gmail.com,Soma Singhania,Female,WBBSE,75,Other state Board,81.1,Computer Science and Engineering,8.84,Yes,No,Yes,No,2,Yes,Not Placed
ishika_rajput89@gmail.com,Ishika Rajput,Female,CBSE,87.4,CBSE,81.6,Information Technology,7.03,No,Yes,No,Yes,2,Yes,Not Placed
tithi_bera57@gmail.com,Tithi Bera,Female,CBSE,73.9,CBSE,63.9,Computer Science in Data Science,7.92,Yes,No,No,Yes,4,Yes,Placed
suvankar_choudhury10@gmail.com,Suvankar Choudhury,Male,WBBSE,82.1,ISE,72.1,Electronics and Communication Engineering,8.11,Yes,No,No,Yes,4,Yes,Placed
mukesh_singh99@gmail.com,Mukesh Singh,Male,ICSE,70.1,Other state Board,74.7,Electronics and Communication Engineering,8.46,Yes,Yes,No,No,1,No,Not Placed
nayanika_kumari75@gmail.com,Nayanika Kumari,Female,State Board,82.7,ISE,92.2,Computer Science and Design,9.38,Yes,No,No,Yes,2,Yes,Placed
nisha_rao77@gmail.com,Nisha Rao,Female,ICSE,81.9,WBCHSE,84.5,Computer Science and Engineering,8.34,Yes,Yes,Yes,No,1,No,Not Placed
kavya_chauhan93@gmail.com,Kavya Chauhan,Female,CBSE,88.7,ISE,65.9,Electrical Engineering,7.15,No,No,No,Yes,5,No,Not Placed
raginigupta523@gmail.com,Ragini Gupta,Female,CBSE,93.5,Other state Board,69.8,Computer Science and Design,8.8,Yes,No,Yes,Yes,3,Yes,Not Placed
soma_mandal55@gmail.com,Soma Mandal,Female,CBSE,98.9,CBSE,94.1,Electronics and Communication Engineering,9.3,Yes,No,No,No,5,Yes,Not Placed
suvankar_banerjee38@gmail.com,Suvankar Banerjee,Male,ICSE,77.4,ISE,67.1,Computer Science and Design,8.95,No,Yes,No,No,5,Yes,Not Placed
dev_dey63@gmail.com,Dev Dey,Male,State Board,94.6,CBSE,88.3,Electronics and Communication Engineering,7.44,Yes,No,No,Yes,1,Yes,Placed
dev_bhowmick64@gmail.com,Dev Bhowmick,Male,CBSE,82.3,ISE,65.9,Electrical and Electronics Engineering,7.78,No,Yes,No,Yes,4,Yes,Placed
ananya_modi37@gmail.com,Ananya Modi,Female,CBSE,85.6,WBCHSE,68.2,Computer Science and Engineering,9.2,Yes,Yes,No,No,4,Yes,Not Placed
debika_bhattacharya89@gmail.com,Debika Bhattacharya,Female,WBBSE,88.2,ISE,71.5,Electronics and Communication Engineering,9.1,Yes,Yes,No,Yes,5,Yes,Placed
piyali_chatterjee88@gmail.com,Piyali Chatterjee,Female,WBBSE,96.8,Other state Board,94.9,Information Technology,7.82,Yes,No,Yes,No,2,Yes,Not Placed
tanushree_sharma2@gmail.com,Tanushree Sharma,Female,CBSE,86.7,Other state Board,63.9,Electronics and Communication Engineering,7.29,Yes,Yes,No,Yes,2,No,Not Placed
susmita_dey53@gmail.com,Susmita Dey,Female,ICSE,72.6,WBCHSE,91.6,Computer Science and Design,8.84,Yes,Yes,No,No,2,Yes,Not Placed
ishika_dutta71@gmail.com,Ishika Dutta,Female,ICSE,94.7,Other state Board,87.3,Computer Science and Engineering,7.67,Yes,No,No,No,2,No,Not Placed
amit_mahto68@gmail.com,Amit Mahto,Male,ICSE,99.6,Other state Board,94,Electrical and Electronics Engineering,7.18,No,Yes,Yes,Yes,5,No,Not Placed
sunidhi_jha16@gmail.com,Sunidhi Jha,Female,WBBSE,81.4,ISE,68.1,Electronics and Communication Engineering,7.57,Yes,Yes,No,Yes,2,No,Not Placed
rajesh_rana71@gmail.com,Rajesh Rana,Male,ICSE,77.7,CBSE,79.2,Electrical Engineering,7.15,No,No,Yes,No,5,Yes,Not Placed
debjit_pal41@gmail.com,Debjit Pal,Male,WBBSE,80.2,Other state Board,91.8,Computer Science and Engineering,8.97,Yes,No,No,Yes,5,Yes,Placed
khusi_kar6@gmail.com,Khusi Kar,Female,WBBSE,89.6,WBCHSE,78,Civil Engineering,8.57,Yes,Yes,No,Yes,1,Yes,Placed
anupama_singh46@gmail.com,Anupama Singh,Female,CBSE,71.4,ISE,92.3,Computer Science and Engineering,7.42,No,No,Yes,Yes,4,Yes,Not Placed
krishanuroy733@gmail.com,Krishanu Roy,Male,ICSE,87,CBSE,75,Computer Science and Engineering,9.47,Yes,Yes,No,Yes,3,No,Not Placed
trisha_mishra98@gmail.com,Trisha Mishra,Female,State Board,84.7,WBCHSE,84.4,Information Technology,7.25,No,Yes,No,No,1,No,Not Placed
debjit_biswas73@gmail.com,Debjit Biswas,Male,WBBSE,72,CBSE,64.4,Information Technology,8.33,Yes,Yes,No,Yes,5,Yes,Placed
subhash_mukherjee57@gmail.com,Subhash Mukherjee,Male,ICSE,74.8,ISE,83.9,Computer Science in AIML,9.17,Yes,Yes,No,Yes,2,Yes,Placed
anupamnandi777@gmail.com,Anupam Nandi,Male,WBBSE,70,WBCHSE,78,Computer Science and Design,8.9,Yes,No,No,Yes,2,Yes,Placed
soma_kapoor10@gmail.com,Soma Kapoor,Female,WBBSE,75.9,WBCHSE,85.2,Computer Science and Design,8.43,No,Yes,No,Yes,1,Yes,Placed
anupama_mazumdar80@gmail.com,Anupama Mazumdar,Female,State Board,72.4,CBSE,67.6,Civil Engineering,8.12,No,No,No,Yes,4,Yes,Placed
indira_pal59@gmail.com,Indira Pal,Female,WBBSE,96.2,CBSE,60.1,Civil Engineering,7.49,No,Yes,No,Yes,1,Yes,Placed
yjanardhanreddy111@gmail.com,Yeddula Janardhan Reddy,Male,State Board,93,Other state Board,92,Computer Science and Engineering,90,Yes,No,No,No,3,Yes,Not Placed
ankit_choudhary86@gmail.com,Ankit Choudhary,Male,State Board,70,ISE,94.8,Computer Science in AIML,9.48,Yes,No,No,Yes,5,Yes,Placed
jaya_pandey78@gmail.com,Jaya Pandey,Female,ICSE,75.6,WBCHSE,68.9,Electrical and Electronics Engineering,8.95,No,No,Yes,Yes,3,No,Not Placed
tapasgarai739@gmail.com,Tapas Garai,Male,WBBSE,60,WBCHSE,69,Computer Science and Design,9,No,No,No,No,3,No,Placed
kaushik_mukherjee31@gmail.com,Kaushik Mukherjee,Male,CBSE,85.3,Other state Board,72.8,Mechanical Engineering,8.85,Yes,Yes,No,Yes,2,Yes,Placed
piyali_bhattacharya78@gmail.com,Piyali Bhattacharya,Female,ICSE,89.2,CBSE,82.7,Computer Science and Design,9.37,Yes,No,No,Yes,1,Yes,Placed
smita_shukla34@gmail.com,Smita Shukla,Female,WBBSE,94.9,WBCHSE,84.7,Electrical Engineering,8.59,No,No,No,Yes,3,No,Not Placed
joy_ghosh41@gmail.com,Joy Ghosh,Male,CBSE,87,CBSE,87.8,Electrical Engineering,8.15,Yes,No,Yes,Yes,4,Yes,Not Placed
kavya_biswas89@gmail.com,Kavya Biswas,Female,CBSE,98.7,CBSE,60.9,Electronics and Communication Engineering,7.19,Yes,No,No,Yes,4,No,Not Placed
saurabh_choudhary98@gmail.com,Saurabh Choudhary,Male,CBSE,84.6,ISE,79.1,Electrical Engineering,9.44,No,No,No,Yes,1,Yes,Placed
shubham_choudhary62@gmail.com,Shubham Choudhary,Male,State Board,80.4,CBSE,65.6,Mechanical Engineering,7.97,No,No,No,Yes,4,Yes,Placed
arnav_pal91@gmail.com,Arnav Pal,Male,State Board,80.3,WBCHSE,74.9,Mechanical Engineering,9.12,Yes,No,Yes,Yes,4,Yes,Not Placed
riya_mitra24@gmail.com,Riya Mitra,Female,ICSE,95.4,Other state Board,65.8,Civil Engineering,7.42,No,Yes,Yes,Yes,4,Yes,Not Placed
aparna_srivastava87@gmail.com,Aparna Srivastava,Female,State Board,87.5,Other state Board,78.9,Civil Engineering,8.46,No,No,No,No,4,Yes,Not Placed
ujjal_mitra69@gmail.com,Ujjal Mitra,Male,ICSE,91.8,WBCHSE,89.5,Information Technology,8.47,Yes,No,No,Yes,2,Yes,Placed
riya_banerjee31@gmail.com,Riya Banerjee,Female,ICSE,95.4,WBCHSE,93,Civil Engineering,8.58,No,Yes,No,Yes,2,Yes,Placed
rakesh_thakur16@gmail.com,Rakesh Thakur,Male,State Board,96.4,ISE,83,Mechanical Engineering,7.17,Yes,No,No,Yes,1,Yes,Placed
meyenka_verma92@gmail.com,Meyenka Verma,Female,State Board,79.6,CBSE,87.4,Electrical and Electronics Engineering,8.54,No,Yes,No,Yes,1,Yes,Not Placed
shreya_mahato48@gmail.com,Shreya Mahato,Female,State Board,100,WBCHSE,93.1,Electrical and Electronics Engineering,8.34,No,No,No,Yes,4,Yes,Placed
nayana_gupta76@gmail.com,Nayana Gupta,Female,WBBSE,70.5,CBSE,82.9,Electrical and Electronics Engineering,9.32,Yes,Yes,No,Yes,2,Yes,Placed
ghoshsubham778@gmail.com,Subham Ghosh,Male,WBBSE,70,WBBSE,80,Computer Science and Engineering,9.1,No,Yes,Yes,Yes,3,Yes,Placed
rohan_chatterjee73@gmail.com,Rohan Chatterjee,Male,State Board,86.8,CBSE,64.6,Electronics and Communication Engineering,9,Yes,Yes,Yes,Yes,1,No,Not Placed
gopal_das52@gmail.com,Gopal Das,Male,ICSE,91.4,ISE,92.2,Computer Science and Engineering,7.96,Yes,No,No,Yes,4,Yes,Placed
rahul_mandal28@gmail.com,Rahul Mandal,Male,CBSE,70.4,ISE,89.3,Electrical Engineering,9.48,No,No,No,Yes,2,Yes,Placed
anand_mahto91@gmail.com,Anand Mahto,Male,State Board,78.6,CBSE,83.9,Electrical Engineering,7.99,No,Yes,No,Yes,2,Yes,Placed
debanshu_ganguly14@gmail.com,Debanshu Ganguly,Male,WBBSE,90.5,WBCHSE,61,Computer Science in Data Science,9.39,Yes,Yes,No,Yes,4,Yes,Placed
debika_choudhary46@gmail.com,Debika Choudhary,Female,CBSE,91.8,Other state Board,78.7,Computer Science in Data Science,7.62,Yes,Yes,No,Yes,1,Yes,Placed
samik_mahato28@gmail.com,Samik Mahato,Male,WBBSE,91.9,WBCHSE,79.9,Computer Science in AIML,7.13,No,Yes,No,Yes,5,Yes,Placed
ankita_bhuiyan57@gmail.com,Ankita Bhuiyan,Female,WBBSE,74.1,Other state Board,67.8,Computer Science and Engineering,7.16,No,No,No,Yes,4,Yes,Placed
jaya_mazumdar74@gmail.com,Jaya Mazumdar,Female,ICSE,96.7,WBCHSE,75.7,Computer Science and Design,8.88,Yes,Yes,No,Yes,3,Yes,Placed
tanushree_chatterjee8@gmail.com,Tanushree Chatterjee,Female,CBSE,81.2,Other state Board,74.7,Computer Science in Data Science,7.09,No,Yes,Yes,No,3,Yes,Not Placed
tanushree_ganguly17@gmail.com,Tanushree Ganguly,Female,State Board,80.2,WBCHSE,94.3,Electrical and Electronics Engineering,8.8,No,No,Yes,Yes,5,Yes,Not Placed
ritika_pandey5@gmail.com,Ritika Pandey,Female,CBSE,99.5,CBSE,90.1,Electrical Engineering,7.37,No,No,No,Yes,1,Yes,Placed
rohan_rana72@gmail.com,Rohan Rana,Male,CBSE,83.1,CBSE,61.9,Electronics and Communication Engineering,7.37,Yes,No,No,Yes,3,Yes,Placed
tanushree_mandal24@gmail.com,Tanushree Mandal,Female,CBSE,75.5,WBCHSE,73.8,Computer Science in Data Science,8.55,No,Yes,No,Yes,5,Yes,Placed
bharat_sharma46@gmail.com,Bharat Sharma,Male,ICSE,76.3,CBSE,81.8,Information Technology,9.07,Yes,Yes,No,Yes,5,Yes,Placed
arpita_biswas29@gmail.com,Arpita Biswas,Female,ICSE,73,WBCHSE,72.8,Electrical Engineering,8.35,No,No,No,No,4,Yes,Not Placed
rajesh_mandal97@gmail.com,Rajesh Mandal,Male,State Board,84.2,ISE,78.8,Electronics and Communication Engineering,8.88,Yes,No,No,Yes,3,Yes,Placed
gopal_sah27@gmail.com,Gopal Sah,Male,CBSE,90.6,CBSE,69.9,Civil Engineering,8.33,No,No,No,Yes,2,Yes,Placed
shifasayyad032@gmail.com,Sayyed Shifa Imdadulla Hussaini,Female,State Board,94.6,Diploma board - MSBTE,91.5,Electronics Engineering,8.3,Yes,Yes,Yes,No,2,Yes,Not Placed
susmita_ghosh64@gmail.com,Susmita Ghosh,Female,WBBSE,81.2,WBCHSE,70,Electrical and Electronics Engineering,7.36,No,Yes,No,Yes,2,Yes,Not Placed
imanimesh1210@gmail.com,Animesh Mahata,Male,CBSE,83,CBSE,88,Computer Science and Engineering,7.9,No,No,No,No,2,No,Placed
rohan_kumar_rai22@gmail.com,Rohan Kumar Rai,Male,CBSE,92.3,CBSE,91.3,Computer Science in AIML,8.78,Yes,Yes,Yes,No,2,Yes,Not Placed
kavya_iyer77@gmail.com,Kavya Iyer,Female,WBBSE,96.6,WBCHSE,85,Electrical Engineering,8.54,Yes,No,No,Yes,4,Yes,Placed
ujjal_bardhan9@gmail.com,Ujjal Bardhan,Male,ICSE,71.3,WBCHSE,91.8,Mechanical Engineering,7.52,No,Yes,No,Yes,1,Yes,Placed
samikmandal9@gmail.com,SAMIK MANDAL,Male,CBSE,79,CBSE,83,Computer Science and Design,9.21,No,No,No,No,4,Yes,Not Placed
nayana_gupta89@gmail.com,Nayana Gupta,Female,CBSE,74,WBCHSE,92,Information Technology,7.34,Yes,Yes,No,Yes,4,Yes,Placed
rajesh_sharma10@gmail.com,Rajesh Sharma,Male,ICSE,95.2,ISE,60.9,Mechanical Engineering,8.89,Yes,Yes,Yes,No,2,No,Not Placed
dhrubosh@gmail.com,Dhrubojyoti Saha,Male,WBBSE,32,WBCHSE,59.83,Information Technology,9.2,No,No,No,Yes,2,Yes,Not Placed
urmi_bera90@gmail.com,Urmi Bera,Female,State Board,96.1,CBSE,87.9,Mechanical Engineering,8.34,No,Yes,No,Yes,2,Yes,Placed
dheeraj_kumar80@gmail.com,Dheeraj Kumar,Male,ICSE,97.5,ISE,62.3,Computer Science in Data Science,8.94,Yes,Yes,No,Yes,4,Yes,Not Placed
riya_sinha96@gmail.com,Riya Sinha,Female,State Board,89.9,Other state Board,73.1,Electronics and Communication Engineering,7.24,No,No,No,Yes,3,No,Not Placed
samik_dutta27@gmail.com,Samik Dutta,Male,CBSE,90.2,ISE,76,Information Technology,9.11,Yes,Yes,No,Yes,2,Yes,Placed
radha_kumari58@gmail.com,Radha Kumari,Female,CBSE,85.4,Other state Board,91.7,Electronics and Communication Engineering,7.87,Yes,Yes,No,Yes,5,Yes,Not Placed
ritika_choudhury18@gmail.com,Ritika Choudhury,Female,ICSE,92.1,ISE,83,Information Technology,7.49,No,No,No,Yes,2,Yes,Placed
ipshita_bhattacharya60@gmail.com,Ipshita Bhattacharya,Female,CBSE,74.7,CBSE,93.1,Computer Science and Engineering,8.11,Yes,Yes,No,Yes,3,No,Not Placed
sunilgarai210@gmail.com,Sunil Garai,Male,WBBSE,47,WBCHSE,88,Electrical Engineering,7.9,Yes,Yes,Yes,Yes,3,Yes,Placed
pooja_chauhan10@gmail.com,Pooja Chauhan,Female,CBSE,93.4,Other state Board,88,Civil Engineering,8.49,No,No,No,Yes,2,Yes,Placed
anisha_ghosh17@gmail.com,Anisha Ghosh,Female,State Board,97.5,WBCHSE,60.3,Computer Science and Design,9.29,Yes,No,No,Yes,1,Yes,Placed
milankamilya5501@gmail.com,Milan Kamilya,Male,WBBSE,91,WBCHSE,87,Computer Science and Design,8.2,Yes,Yes,Yes,Yes,3,No,Placed
mita_dutta42@gmail.com,Mita Dutta,Female,ICSE,74.3,Other state Board,93.1,Mechanical Engineering,8.36,No,No,No,Yes,5,Yes,Placed
nishant_mandal90@gmail.com,Nishant Mandal,Male,ICSE,99.8,ISE,80.8,Computer Science in Data Science,8.26,Yes,No,No,Yes,3,Yes,Placed
debika_mazumdar69@gmail.com,Debika Mazumdar,Female,CBSE,70.7,Other state Board,62.2,Mechanical Engineering,8.2,No,No,No,Yes,5,Yes,Placed
neeraj_verma56@gmail.com,Neeraj Verma,Male,State Board,95.4,CBSE,79,Chemical Engineering,7.96,Yes,Yes,No,Yes,5,Yes,Placed
payal_sengupta31@gmail.com,Payal Sengupta,Female,WBBSE,88.4,Other state Board,83.4,Computer Science and Design,7.4,No,Yes,No,Yes,1,Yes,Not Placed
arnav_sen56@gmail.com,Arnav Sen,Male,WBBSE,89.5,ISE,79.9,Computer Science and Engineering,8.41,Yes,No,Yes,No,5,No,Not Placed
nikhil_rana90@gmail.com,Nikhil Rana,Male,State Board,72.2,Other state Board,80.5,Chemical Engineering,9.28,No,No,No,No,2,Yes,Not Placed
anupam_mitra99@gmail.com,Anupam Mitra,Male,WBBSE,87.5,WBCHSE,72.9,Computer Science and Engineering,8.18,Yes,No,No,No,3,No,Not Placed
prakash_pandey63@gmail.com,Prakash Pandey,Male,State Board,75.2,ISE,85.5,Computer Science in Data Science,8.18,Yes,Yes,No,No,1,No,Not Placed
abhirup_mazumdar30@gmail.com,Abhirup Mazumdar,Male,ICSE,87.4,WBCHSE,91.4,Electronics and Communication Engineering,8.41,Yes,No,Yes,Yes,1,Yes,Not Placed
bikram_pal7@gmail.com,Bikram Pal,Male,ICSE,98.3,Other state Board,94.7,Information Technology,8.52,Yes,No,No,Yes,1,Yes,Placed
rajiv_mandal78@gmail.com,Rajiv Mandal,Male,ICSE,85.2,Other state Board,80.7,Information Technology,7.69,No,No,No,Yes,1,Yes,Placed
amit_sinha11@gmail.com,Amit Sinha,Male,State Board,86.6,Other state Board,81.3,Electrical and Electronics Engineering,7.15,No,Yes,Yes,No,5,No,Not Placed
sunil_singh27@gmail.com,Sunil Singh,Male,ICSE,94.1,ISE,62.8,Mechanical Engineering,7.55,No,Yes,No,Yes,5,Yes,Placed
ranjangiri8500@gmail.com,Ranjan Giri,Male,WBBSE,79.4,WBCHSE,79.4,Information Technology,9.34,No,Yes,No,Yes,2,No,Not Placed
ujjal_sengupta98@gmail.com,Ujjal Sengupta,Male,WBBSE,95.1,Other state Board,81.7,Computer Science in Data Science,8.08,Yes,No,No,Yes,1,Yes,Not Placed
sohini_mishra17@gmail.com,Sohini Mishra,Female,ICSE,72,Other state Board,90.5,Electronics and Communication Engineering,9.21,No,Yes,No,Yes,1,Yes,Placed
jaya_mukherjee94@gmail.com,Jaya Mukherjee,Female,CBSE,84.5,WBCHSE,87.4,Chemical Engineering,7.67,No,No,No,Yes,5,Yes,Placed
suvankar_dey96@gmail.com,Suvankar Dey,Male,WBBSE,75.7,Other state Board,80.6,Electronics and Communication Engineering,7.35,Yes,No,No,Yes,4,Yes,Placed
indrajit_chakraborty6@gmail.com,Indrajit Chakraborty,Male,CBSE,91.7,WBCHSE,91.9,Chemical Engineering,7.14,Yes,No,No,No,2,Yes,Not Placed
sneha_kumari79@gmail.com,Sneha Kumari,Female,ICSE,82.8,Other state Board,89.8,Electrical Engineering,8.45,Yes,Yes,No,Yes,3,Yes,Not Placed
ananya_choudhary92@gmail.com,Ananya Choudhary,Female,State Board,80.2,CBSE,74.7,Computer Science and Engineering,8.82,Yes,Yes,Yes,No,2,Yes,Not Placed
debika_chauhan67@gmail.com,Debika Chauhan,Female,ICSE,92.7,CBSE,82.1,Electrical and Electronics Engineering,8.88,Yes,Yes,Yes,No,1,Yes,Not Placed
mita_bera69@gmail.com,Mita Bera,Female,CBSE,82.9,Other state Board,86.1,Mechanical Engineering,9.23,No,Yes,No,No,4,Yes,Not Placed
sunil_sharma33@gmail.com,Sunil Sharma,Male,State Board,85.7,Other state Board,63.6,Electrical Engineering,9.02,Yes,No,No,Yes,4,Yes,Placed
koushiki_das41@gmail.com,Koushiki Das,Female,CBSE,87.5,Other state Board,87.3,Electronics and Communication Engineering,7.23,Yes,Yes,No,No,3,No,Not Placed
nikhil_chauhan98@gmail.com,Nikhil Chauhan,Male,ICSE,95.6,CBSE,94,Electrical and Electronics Engineering,8.21,No,Yes,No,No,5,No,Not Placed
amit_das69@gmail.com,Amit Das,Male,ICSE,77.6,ISE,84.6,Mechanical Engineering,9.12,No,Yes,Yes,No,2,No,Not Placed
kavya_chakraborty27@gmail.com,Kavya Chakraborty,Female,CBSE,79.7,Other state Board,91.5,Computer Science and Design,9.21,Yes,Yes,No,No,2,Yes,Not Placed
sneha_pandey6@gmail.com,Sneha Pandey,Female,WBBSE,82,Other state Board,75.9,Electrical and Electronics Engineering,7.6,No,Yes,No,Yes,1,Yes,Placed
anisha_goswami29@gmail.com,Anisha Goswami,Female,WBBSE,70.7,ISE,77.4,Civil Engineering,8.22,No,No,No,No,2,Yes,Not Placed
smita_bhat82@gmail.com,Smita Bhat,Female,CBSE,77.3,CBSE,91.4,Computer Science in AIML,8.92,Yes,No,No,Yes,3,Yes,Placed
ayesha_kumari81@gmail.com,Ayesha Kumari,Female,ICSE,81,CBSE,79.8,Electrical Engineering,8.1,No,Yes,No,Yes,2,No,Not Placed
subhash_paul83@gmail.com,Subhash Paul,Male,CBSE,82.9,ISE,71.8,Mechanical Engineering,7.46,No,No,Yes,Yes,4,No,Not Placed
arpita_choudhary4@gmail.com,Arpita Choudhary,Female,CBSE,76.2,Other state Board,74.8,Electronics and Communication Engineering,9.04,Yes,No,No,No,4,No,Not Placed
manish_sah34@gmail.com,Manish Sah,Male,ICSE,83.6,Other state Board,70.9,Computer Science and Engineering,8.95,No,No,No,Yes,2,Yes,Placed
payal_bardhan57@gmail.com,Payal Bardhan,Female,ICSE,78.7,Other state Board,62.5,Mechanical Engineering,9.16,Yes,Yes,Yes,No,3,No,Not Placed
debanshu_pal54@gmail.com,Debanshu Pal,Male,State Board,78.6,ISE,86.9,Electrical Engineering,8.23,No,Yes,Yes,Yes,1,Yes,Not Placed
madhuri_jha17@gmail.com,Madhuri Jha,Female,CBSE,88.1,ISE,82.6,Chemical Engineering,7.1,Yes,Yes,No,Yes,4,Yes,Placed
jyoti_modi10@gmail.com,Jyoti Modi,Female,State Board,85.5,Other state Board,82.4,Computer Science and Engineering,7.49,No,No,No,Yes,1,Yes,Placed
chatterjeeraunak2k@gmail.com,Raunak Chatterjee,Male,ICSE,91.8,CISCE,88.5,Computer Science and Engineering,9.48,No,No,Yes,Yes,3,Yes,Placed
ishika_paul88@gmail.com,Ishika Paul,Female,WBBSE,73.2,WBCHSE,65,Computer Science and Engineering,7.79,No,No,No,Yes,4,Yes,Placed
ayesha_mukherjee97@gmail.com,Ayesha Mukherjee,Female,CBSE,99.9,ISE,86.4,Electrical Engineering,9.16,Yes,No,No,Yes,3,Yes,Placed
payal_paul96@gmail.com,Payal Paul,Female,CBSE,77.5,WBCHSE,69,Civil Engineering,8.3,No,No,No,Yes,4,No,Not Placed
ipshita_mukherjee52@gmail.com,Ipshita Mukherjee,Female,WBBSE,83.7,WBCHSE,91,Electronics and Communication Engineering,7.11,No,Yes,No,No,4,Yes,Not Placed
ishani_srivastava88@gmail.com,Ishani Srivastava,Female,ICSE,91.7,CBSE,68.9,Computer Science and Design,8.34,No,Yes,No,No,2,No,Not Placed
debjit_sen92@gmail.com,Debjit Sen,Male,WBBSE,72.4,ISE,80.6,Electronics and Communication Engineering,9.16,Yes,No,No,Yes,2,Yes,Placed
anjali_bhattacharya70@gmail.com,Anjali Bhattacharya,Female,WBBSE,70.8,Other state Board,65.1,Electrical and Electronics Engineering,8.64,No,Yes,No,Yes,3,No,Not Placed
sunil_yadav15@gmail.com,Sunil Yadav,Male,ICSE,82.9,ISE,87.3,Electrical and Electronics Engineering,8.49,No,Yes,No,Yes,2,Yes,Placed
jaya_pandey38@gmail.com,Jaya Pandey,Female,CBSE,84.8,Other state Board,92.8,Electrical Engineering,7.01,No,No,No,Yes,2,Yes,Placed
bikram_chakraborty20@gmail.com,Bikram Chakraborty,Male,ICSE,99.8,CBSE,63.7,Civil Engineering,9.35,No,Yes,No,No,3,No,Not Placed
ayesha_dey24@gmail.com,Ayesha Dey,Female,State Board,70.6,Other state Board,70.7,Electronics and Communication Engineering,8.43,Yes,Yes,No,Yes,1,Yes,Placed
anand_kumar5@gmail.com,Anand Kumar,Male,State Board,91.2,Other state Board,73.3,Electrical and Electronics Engineering,8.49,Yes,No,No,Yes,5,Yes,Placed
kaushik_kar45@gmail.com,Kaushik Kar,Male,State Board,80.5,CBSE,68.6,Electronics and Communication Engineering,7.28,No,No,Yes,Yes,2,No,Not Placed
piyali_goswami71@gmail.com,Piyali Goswami,Female,CBSE,70.9,ISE,94.8,Electronics and Communication Engineering,8.8,Yes,No,No,Yes,1,Yes,Not Placed
mita_mahato27@gmail.com,Mita Mahato,Female,WBBSE,97,WBCHSE,88.6,Chemical Engineering,8.24,No,Yes,No,Yes,4,Yes,Placed
sneha_rao2@gmail.com,Sneha Rao,Female,CBSE,88.3,Other state Board,78.4,Electronics and Communication Engineering,7.61,Yes,Yes,No,No,5,No,Not Placed
rohan_mitra72@gmail.com,Rohan Mitra,Male,WBBSE,88.7,WBCHSE,83.6,Computer Science and Engineering,7.27,No,Yes,No,Yes,5,Yes,Placed
anisha_kar28@gmail.com,Anisha Kar,Female,CBSE,85.3,CBSE,76.4,Electronics and Communication Engineering,9.25,No,No,No,Yes,4,No,Not Placed
deysumant150@gmail.com,SUMANT KUMAR DEY,Male,State Board,59,Other state Board,55,Electrical Engineering,7.93,No,Yes,Yes,Yes,3,No,Placed
madhurima_mukherjee53@gmail.com,Madhurima Mukherjee,Female,State Board,87.1,CBSE,87,Computer Science and Design,8.68,Yes,No,No,Yes,5,Yes,Placed
nikhil_pathak24@gmail.com,Nikhil Pathak,Male,State Board,96.5,Other state Board,80.9,Information Technology,8.27,Yes,No,No,No,1,Yes,Not Placed
debanshu_ghosh46@gmail.com,Debanshu Ghosh,Male,State Board,91,Other state Board,86.1,Electrical Engineering,8.82,No,Yes,No,Yes,2,Yes,Placed
indira_roy69@gmail.com,Indira Roy,Female,CBSE,81.8,ISE,63.5,Electronics and Communication Engineering,7.04,Yes,Yes,Yes,No,4,Yes,Not Placed
unk5659@gmail.com,Utkarsh Nandkumar koshti,Male,State Board,73,Other state Board,84,Computer Science and Engineering,7.12,No,Yes,No,No,3,Yes,Not Placed
shreya_rajput89@gmail.com,Shreya Rajput,Female,ICSE,76.4,Other state Board,66.2,Computer Science and Engineering,8.66,Yes,Yes,No,No,2,Yes,Not Placed
trisha_dutta92@gmail.com,Trisha Dutta,Female,ICSE,83.9,WBCHSE,93.5,Chemical Engineering,8.13,No,Yes,Yes,Yes,5,No,Not Placed
nayana_rao35@gmail.com,Nayana Rao,Female,State Board,90.5,Other state Board,83.1,Computer Science in Data Science,8.27,Yes,No,Yes,No,3,Yes,Not Placed
debika_rao29@gmail.com,Debika Rao,Female,ICSE,94,CBSE,74.7,Civil Engineering,8.71,No,No,Yes,No,4,No,Not Placed
nikhil_jha10@gmail.com,Nikhil Jha,Male,CBSE,85.9,ISE,76.9,Electronics and Communication Engineering,8.85,Yes,Yes,No,Yes,5,Yes,Placed
naira_singhania72@gmail.com,Naira Singhania,Female,WBBSE,98.5,WBCHSE,69.8,Computer Science and Engineering,8.47,No,No,No,Yes,2,Yes,Not Placed
pawan_dev38@gmail.com,Pawan Dev,Male,ICSE,90.6,Other state Board,64.2,Computer Science and Engineering,7.09,No,Yes,Yes,No,1,No,Not Placed
simran.sagar08@gmail.com,Simran,Female,CBSE,97.2,CBSE,96.4,Computer Science and Engineering,8.26,Yes,Yes,Yes,Yes,3,Yes,Not Placed
aparna_banerjee47@gmail.com,Aparna Banerjee,Female,WBBSE,89.2,WBCHSE,89.7,Computer Science and Design,8.33,Yes,No,Yes,No,2,No,Not Placed
naira_rao84@gmail.com,Naira Rao,Female,State Board,97.6,Other state Board,87.5,Electrical and Electronics Engineering,9.17,Yes,Yes,No,No,1,No,Not Placed
nikhil_kumar35@gmail.com,Nikhil Kumar,Male,CBSE,84.2,Other state Board,88,Computer Science and Design,8.11,Yes,Yes,No,Yes,4,Yes,Placed
rina_bera51@gmail.com,Rina Bera,Female,CBSE,82.8,CBSE,61.9,Computer Science in AIML,8.57,Yes,No,No,Yes,2,Yes,Placed
radha_yadav68@gmail.com,Radha Yadav,Female,CBSE,72.6,Other state Board,62.6,Electronics and Communication Engineering,8.04,No,No,No,Yes,5,Yes,Not Placed
ananya_ghosh95@gmail.com,Ananya Ghosh,Female,State Board,91,ISE,91.8,Chemical Engineering,7.39,Yes,Yes,No,No,1,Yes,Not Placed
mandira_kar78@gmail.com,Mandira Kar,Female,CBSE,82.8,ISE,85,Computer Science in Data Science,7.51,No,No,Yes,Yes,4,No,Not Placed
dipankar_ghosh62@gmail.com,Dipankar Ghosh,Male,State Board,75.4,ISE,83.1,Computer Science in Data Science,7.77,No,Yes,No,Yes,4,Yes,Placed
vikas_kumar81@gmail.com,Vikas Kumar,Male,ICSE,90.8,ISE,74.7,Electronics and Communication Engineering,7.32,Yes,Yes,No,No,4,No,Not Placed
mukesh_sharma85@gmail.com,Mukesh Sharma,Male,State Board,93,Other state Board,66.4,Mechanical Engineering,7.4,No,Yes,No,Yes,4,No,Not Placed
khusi_srivastava13@gmail.com,Khusi Srivastava,Female,ICSE,78.3,ISE,92.5,Computer Science and Engineering,8.01,Yes,Yes,No,No,2,No,Not Placed
piyali_mitra89@gmail.com,Piyali Mitra,Female,ICSE,74.1,CBSE,80.1,Electronics and Communication Engineering,7.12,Yes,No,No,Yes,4,Yes,Placed
anand_pandey50@gmail.com,Anand Pandey,Male,State Board,78.4,ISE,81.6,Computer Science and Engineering,8.77,Yes,No,No,Yes,1,Yes,Placed
urmi_srivastava15@gmail.com,Urmi Srivastava,Female,State Board,70.5,WBCHSE,63.9,Electronics and Communication Engineering,7.54,Yes,Yes,No,Yes,5,Yes,Placed
abhijit_chakrabarti23@gmail.com,Abhijit Chakrabarti,Male,State Board,86.7,WBCHSE,71.4,Electronics and Communication Engineering,8.82,Yes,Yes,No,Yes,1,Yes,Placed
rajiv_chakrabarti53@gmail.com,Rajiv Chakrabarti,Male,CBSE,95,CBSE,93.2,Computer Science in AIML,7.21,No,No,No,Yes,4,Yes,Placed
vikram_banerjee32@gmail.com,Vikram Banerjee,Male,WBBSE,84.5,Other state Board,67,Electrical and Electronics Engineering,7.2,Yes,Yes,Yes,No,5,No,Not Placed
ayush_mahto90@gmail.com,Ayush Mahto,Male,ICSE,76.8,ISE,82,Computer Science and Engineering,7.79,Yes,No,No,Yes,4,Yes,Placed
osasish143@gmail.com,Asish Bauri,Male,ICSE,90.8,CBSE,92,Computer Science and Engineering,9.94,Yes,No,Yes,Yes,4,No,Placed
smita_kapoor11@gmail.com,Smita Kapoor,Female,WBBSE,73.1,CBSE,66.3,Computer Science and Engineering,8.83,Yes,No,No,Yes,2,Yes,Placed
smita_gupta88@gmail.com,Smita Gupta,Female,CBSE,93.2,CBSE,89,Civil Engineering,8.13,Yes,Yes,No,Yes,5,Yes,Placed
payal_iyer92@gmail.com,Payal Iyer,Female,State Board,81.8,ISE,74.5,Computer Science and Engineering,9.39,No,No,No,Yes,1,Yes,Placed
ipshita_kar72@gmail.com,Ipshita Kar,Female,WBBSE,86.5,WBCHSE,93.4,Computer Science and Design,8.8,No,No,Yes,Yes,5,Yes,Not Placed
anupam_biswas61@gmail.com,Anupam Biswas,Male,CBSE,85.5,Other state Board,62.3,Electrical and Electronics Engineering,7.99,No,No,Yes,Yes,5,Yes,Not Placed
khusi_chakraborty23@gmail.com,Khusi Chakraborty,Female,WBBSE,86.6,Other state Board,71.3,Information Technology,7.65,Yes,No,No,Yes,3,Yes,Placed
bharat_pathak45@gmail.com,Bharat Pathak,Male,ICSE,99.2,CBSE,73.4,Information Technology,8.3,Yes,Yes,No,Yes,5,No,Not Placed
kunal_chakraborty15@gmail.com,Kunal Chakraborty,Male,ICSE,85.1,WBCHSE,87.3,Electronics and Communication Engineering,7.9,Yes,No,Yes,Yes,5,No,Not Placed
dev_bera78@gmail.com,Dev Bera,Male,WBBSE,98.9,WBCHSE,78.6,Computer Science and Engineering,9.55,No,No,No,Yes,3,Yes,Not Placed
8348365251.puru@gmail.com,Purnima Rai,Female,ICSE,95,ISC,93,Mechanical Engineering,8.2,Yes,No,Yes,Yes,3,Yes,Placed
ananya_chatterjee99@gmail.com,Ananya Chatterjee,Female,ICSE,84.3,CBSE,90,Computer Science in Data Science,7,No,Yes,No,Yes,4,Yes,Placed
anjali_srivastava96@gmail.com,Anjali Srivastava,Female,ICSE,90.3,ISE,83.9,Chemical Engineering,9.36,Yes,Yes,No,Yes,1,Yes,Placed
tanushree_chakraborty89@gmail.com,Tanushree Chakraborty,Female,State Board,87.3,Other state Board,60.3,Mechanical Engineering,7.17,No,No,No,Yes,2,Yes,Placed
saurabh_das26@gmail.com,Saurabh Das,Male,ICSE,74.6,Other state Board,88,Computer Science in Data Science,9.08,Yes,No,No,Yes,1,Yes,Placed
nayanika_shukla32@gmail.com,Nayanika Shukla,Female,WBBSE,82.4,Other state Board,92.5,Mechanical Engineering,9.32,Yes,Yes,No,Yes,4,Yes,Placed
jyoti_chauhan47@gmail.com,Jyoti Chauhan,Female,ICSE,85,CBSE,87.7,Computer Science and Engineering,8.2,Yes,Yes,No,Yes,5,Yes,Placed
nisha_pal33@gmail.com,Nisha Pal,Female,CBSE,80.2,WBCHSE,92.4,Mechanical Engineering,8.94,Yes,No,No,Yes,5,Yes,Placed
dev_bhowmick65@gmail.com,Dev Bhowmick,Male,CBSE,84,ISE,83.9,Information Technology,8.97,Yes,Yes,No,Yes,5,Yes,Placed
bharat_verma79@gmail.com,Bharat Verma,Male,CBSE,75.9,Other state Board,85.6,Mechanical Engineering,9.59,No,Yes,No,Yes,2,Yes,Placed
anjali_das43@gmail.com,Anjali Das,Female,ICSE,96,ISE,94,Information Technology,9.25,Yes,No,No,Yes,1,Yes,Placed
soumikgooo7@gmail.com,Soumik Goswami,Male,CBSE,89.3,CBSE,81.4,Information Technology,9.2,No,Yes,Yes,Yes,2,Yes,Placed
amit_mahto77@gmail.com,Amit Mahto,Male,CBSE,99,Other state Board,84,Chemical Engineering,7.77,No,Yes,No,Yes,5,Yes,Placed
rakesh_jha37@gmail.com,Rakesh Jha,Male,CBSE,85.2,CBSE,90.1,Electrical and Electronics Engineering,7,No,Yes,No,Yes,4,Yes,Placed
its.amitb77@gmail.com,Amit Banerjee,Male,WBBSE,90,WBCHSE,89,Computer Science and Engineering,9.6,Yes,Yes,Yes,Yes,2,Yes,Placed
khusi_bera5@gmail.com,Khusi Bera,Female,WBBSE,74,WBCHSE,81.4,Electrical Engineering,7.14,No,Yes,Yes,No,5,Yes,Not Placed
mandira_srivastava55@gmail.com,Mandira Srivastava,Female,CBSE,81.2,CBSE,71.9,Information Technology,7.17,No,No,No,Yes,5,Yes,Placed
rajesh_thakur98@gmail.com,Rajesh Thakur,Male,CBSE,80.3,Other state Board,87.7,Electronics and Communication Engineering,9.09,Yes,No,No,Yes,5,Yes,Placed
kaushik_chatterjee32@gmail.com,Kaushik Chatterjee,Male,ICSE,97.6,CBSE,85.1,Civil Engineering,7.11,Yes,No,Yes,No,2,Yes,Not Placed
shivaninadgire@gmail.com,Nadgire Shivani,Female,State Board,87.2,MSBTE,82.4,Electronic Engineering,7.8,No,Yes,No,No,2,Yes,Not Placed
abhijit_sarkar27@gmail.com,Abhijit Sarkar,Male,ICSE,89.3,WBCHSE,90.7,Information Technology,9.49,Yes,No,Yes,Yes,5,No,Not Placed
suvankar_ghosh46@gmail.com,Suvankar Ghosh,Male,State Board,86.7,CBSE,72,Computer Science and Engineering,7.27,Yes,Yes,No,Yes,4,Yes,Placed
kavya_sengupta20@gmail.com,Kavya Sengupta,Female,CBSE,89,ISE,93.8,Information Technology,8.33,Yes,Yes,Yes,Yes,3,Yes,Not Placed
rohan_pandey58@gmail.com,Rohan Pandey,Male,State Board,85.2,CBSE,88.2,Computer Science and Engineering,8.02,Yes,No,No,Yes,5,Yes,Placed
sanjana_sen32@gmail.com,Sanjana Sen,Female,ICSE,88,WBCHSE,64.6,Electronics and Communication Engineering,9.37,Yes,No,Yes,No,2,Yes,Not Placed
urmi_biswas99@gmail.com,Urmi Biswas,Female,WBBSE,73,WBCHSE,75.9,Electronics and Communication Engineering,7.1,No,Yes,No,Yes,3,Yes,Placed
trisha_sharma9@gmail.com,Trisha Sharma,Female,State Board,96,ISE,85.6,Electronics and Communication Engineering,7.19,Yes,No,Yes,Yes,3,No,Not Placed
poulami_chakraborty52@gmail.com,Poulami Chakraborty,Female,WBBSE,78.4,WBCHSE,66.8,Computer Science and Engineering,8.03,No,No,No,No,2,No,Not Placed
ayesha_kar40@gmail.com,Ayesha Kar,Female,CBSE,71.7,CBSE,74.4,Mechanical Engineering,8.43,No,No,No,Yes,1,No,Not Placed
nisha_bhowmick6@gmail.com,Nisha Bhowmick,Female,CBSE,93,ISE,62.5,Electrical Engineering,9.01,Yes,No,No,Yes,2,Yes,Placed
ayush_kumar_rai64@gmail.com,Ayush Kumar Rai,Male,CBSE,72.8,Other state Board,94.7,Electrical Engineering,8.09,No,Yes,No,Yes,3,Yes,Placed
manoj_mitra16@gmail.com,Manoj Mitra,Male,State Board,96.8,Other state Board,65.8,Electrical Engineering,7.58,No,Yes,No,No,2,No,Not Placed
khusi_srivastava38@gmail.com,Khusi Srivastava,Female,ICSE,93.2,CBSE,82,Computer Science in AIML,8.4,Yes,Yes,Yes,No,1,No,Not Placed
urmi_sarkar87@gmail.com,Urmi Sarkar,Female,ICSE,84.7,CBSE,67.1,Electronics and Communication Engineering,8.62,Yes,No,No,No,2,No,Not Placed
indira_kumari47@gmail.com,Indira Kumari,Female,WBBSE,70.1,Other state Board,82.2,Computer Science in Data Science,8.11,No,Yes,Yes,No,3,Yes,Not Placed
dipankar_mahato14@gmail.com,Dipankar Mahato,Male,CBSE,92.8,Other state Board,68.2,Electronics and Communication Engineering,8.24,Yes,Yes,No,Yes,3,Yes,Placed
niloy_dutta68@gmail.com,Niloy Dutta,Male,ICSE,97.2,CBSE,78.6,Electrical and Electronics Engineering,8.69,Yes,No,Yes,No,1,No,Not Placed
joy_banerjee17@gmail.com,Joy Banerjee,Male,ICSE,99.5,CBSE,77.5,Electronics and Communication Engineering,7.07,Yes,Yes,Yes,Yes,2,No,Not Placed
ishika_kapoor91@gmail.com,Ishika Kapoor,Female,ICSE,99.3,ISE,73.8,Computer Science in AIML,7.56,No,Yes,No,Yes,3,Yes,Placed
anand_kumar55@gmail.com,Anand Kumar,Male,State Board,81.7,ISE,84.4,Computer Science and Engineering,7.75,Yes,Yes,Yes,Yes,4,No,Not Placed
sanjana_kumari17@gmail.com,Sanjana Kumari,Female,State Board,99.5,ISE,83.2,Civil Engineering,7.68,No,No,Yes,Yes,5,No,Not Placed
madhuri_srivastava5@gmail.com,Madhuri Srivastava,Female,ICSE,77.1,WBCHSE,66.9,Information Technology,7.16,No,Yes,No,No,5,Yes,Not Placed
dheeraj_mandal25@gmail.com,Dheeraj Mandal,Male,State Board,80.8,CBSE,85.3,Mechanical Engineering,8.94,No,No,Yes,Yes,1,Yes,Not Placed
payal_shukla62@gmail.com,Payal Shukla,Female,CBSE,88.5,WBCHSE,81.8,Civil Engineering,9.21,Yes,Yes,Yes,No,5,Yes,Not Placed
rakesh_das12@gmail.com,Rakesh Das,Male,State Board,90.8,CBSE,62.2,Computer Science and Engineering,7.67,Yes,Yes,No,Yes,4,No,Not Placed
diya_patel47@gmail.com,Diya Patel,Female,State Board,83.1,ISE,74.5,Computer Science and Engineering,9.39,Yes,Yes,No,Yes,2,Yes,Placed
naira_chauhan54@gmail.com,Naira Chauhan,Female,CBSE,90,ISE,86.4,Computer Science and Engineering,7.94,Yes,No,No,Yes,3,Yes,Placed
indira_pandey90@gmail.com,Indira Pandey,Female,CBSE,71.5,CBSE,70.3,Computer Science and Engineering,8.31,No,No,No,Yes,2,Yes,Placed
amit_bera15@gmail.com,Amit Bera,Male,WBBSE,95.6,ISE,68.7,Information Technology,9.26,Yes,No,No,Yes,2,Yes,Placed
chandan_verma70@gmail.com,Chandan Verma,Male,ICSE,94.7,CBSE,67.2,Information Technology,9.47,Yes,No,No,Yes,2,Yes,Not Placed
indrajit_bhattacharya59@gmail.com,Indrajit Bhattacharya,Male,CBSE,80.5,WBCHSE,83.1,Computer Science and Engineering,7.41,Yes,No,No,Yes,4,No,Not Placed
payal_rao14@gmail.com,Payal Rao,Female,ICSE,80.8,ISE,73.5,Computer Science in AIML,8.16,Yes,Yes,Yes,Yes,3,Yes,Not Placed
swastikbose98@gmail.com,Swastik Bose,Male,WBBSE,92.5,WBCHSE,93,Electronics and Communication and Engineeing,8.25,Yes,No,No,Yes,3,Yes,Not Placed
dheeraj_kumar39@gmail.com,Dheeraj Kumar,Male,State Board,90.1,CBSE,92.3,Electronics and Communication Engineering,7.99,Yes,No,No,Yes,2,Yes,Placed
samaira_rao81@gmail.com,Samaira Rao,Female,WBBSE,86.6,WBCHSE,76,Information Technology,8.17,Yes,No,No,Yes,5,Yes,Placed
alok_das8@gmail.com,Alok Das,Male,CBSE,83.2,CBSE,69.5,Chemical Engineering,7.12,No,Yes,No,No,5,No,Not Placed
shadwrsi9074@gmail.com,Shad Warsi,Male,State Board,57.7,Other state Board,56.7,Computer Science and Engineering,8.26,No,Yes,No,Yes,3,Yes,Not Placed
neeraj_thakur10@gmail.com,Neeraj Thakur,Male,State Board,77.1,ISE,92.7,Chemical Engineering,9.05,Yes,Yes,No,Yes,2,No,Not Placed
koushiki_ghosh50@gmail.com,Koushiki Ghosh,Female,State Board,91.1,CBSE,91.1,Electrical and Electronics Engineering,8.08,Yes,Yes,Yes,No,4,No,Not Placed
neeraj_chauhan7@gmail.com,Neeraj Chauhan,Male,State Board,95.8,Other state Board,72.1,Electronics and Communication Engineering,9.37,No,No,No,Yes,1,Yes,Placed
ankita_mazumdar91@gmail.com,Ankita Mazumdar,Female,CBSE,71.6,Other state Board,63.3,Information Technology,9.36,Yes,Yes,No,Yes,1,Yes,Placed
suman_chatterjee69@gmail.com,Suman Chatterjee,Male,State Board,99.7,ISE,93.3,Chemical Engineering,8.3,Yes,Yes,Yes,No,2,No,Not Placed
debika_mandal86@gmail.com,Debika Mandal,Female,State Board,79.9,ISE,79,Computer Science and Engineering,9.14,Yes,No,Yes,Yes,1,No,Not Placed
kumarsumit84344@gmail.com,Sumit kumar,Male,ICSE,75,CBSE,70,Electronics and Communication and Engineeing,8,No,Yes,Yes,Yes,2,Yes,Placed
aparna_agarwal62@gmail.com,Aparna Agarwal,Female,ICSE,86.3,Other state Board,85.1,Electrical Engineering,9.13,Yes,Yes,No,Yes,1,Yes,Placed
adarsh_rana13@gmail.com,Adarsh Rana,Male,ICSE,82,Other state Board,71.7,Chemical Engineering,8.15,No,Yes,Yes,No,5,No,Not Placed
anupama_verma63@gmail.com,Anupama Verma,Female,CBSE,82.4,Other state Board,72.3,Computer Science and Engineering,7.59,Yes,No,No,Yes,3,Yes,Not Placed
nikhil_kumar_rai87@gmail.com,Nikhil Kumar Rai,Male,CBSE,79.8,CBSE,88.8,Electronics and Communication Engineering,9.07,Yes,Yes,No,Yes,5,Yes,Placed
harshpatel28.ait@gmail.com,Harsh Patel,Male,State Board,61,Other state Board,53,Computer Science and Engineering,7.1,Yes,Yes,Yes,Yes,3,Yes,Not Placed
naira_kapoor2@gmail.com,Naira Kapoor,Female,CBSE,71.2,Other state Board,81.1,Electronics and Communication Engineering,8.68,Yes,Yes,No,Yes,3,Yes,Placed
abhirup_chatterjee68@gmail.com,Abhirup Chatterjee,Male,State Board,80.4,WBCHSE,92.1,Electrical Engineering,8.66,No,Yes,No,Yes,1,Yes,Placed
suhana_sharma95@gmail.com,Suhana Sharma,Female,CBSE,72,ISE,84.8,Computer Science in Data Science,7.5,Yes,No,Yes,No,3,Yes,Not Placed
indrajit_bera80@gmail.com,Indrajit Bera,Male,CBSE,72.2,Other state Board,88.6,Electronics and Communication Engineering,7.85,Yes,Yes,No,Yes,5,Yes,Placed
piyali_sharma62@gmail.com,Piyali Sharma,Female,CBSE,88.2,CBSE,78.1,Computer Science in Data Science,7.78,Yes,Yes,Yes,Yes,4,Yes,Not Placed
suvankar_sen65@gmail.com,Suvankar Sen,Male,State Board,73.8,ISE,77.6,Electrical and Electronics Engineering,8.22,No,Yes,Yes,No,2,Yes,Not Placed
diya_mandal77@gmail.com,Diya Mandal,Female,ICSE,86.8,CBSE,71.6,Information Technology,8.15,Yes,Yes,No,No,2,No,Not Placed
ananya_ganguly41@gmail.com,Ananya Ganguly,Female,CBSE,78.8,CBSE,60.9,Electronics and Communication Engineering,8.06,Yes,Yes,No,No,1,No,Not Placed
shubham_kumar27@gmail.com,Shubham Kumar,Male,State Board,96.5,ISE,78.4,Computer Science and Engineering,7.71,Yes,Yes,No,Yes,1,No,Not Placed
vikas_thakur55@gmail.com,Vikas Thakur,Male,State Board,88.8,CBSE,69.3,Computer Science and Engineering,8.02,No,Yes,No,Yes,4,Yes,Placed
manoj_mukherjee81@gmail.com,Manoj Mukherjee,Male,WBBSE,85.4,WBCHSE,75.6,Electrical Engineering,9.16,Yes,No,No,Yes,1,Yes,Placed
payal_yadav62@gmail.com,Payal Yadav,Female,ICSE,78.2,ISE,74.7,Computer Science and Engineering,8.65,Yes,Yes,No,Yes,5,Yes,Placed
mousumi_mahato5@gmail.com,Mousumi Mahato,Female,State Board,80,Other state Board,62.3,Computer Science in Data Science,8.68,No,No,No,Yes,2,Yes,Placed
rina_paul51@gmail.com,Rina Paul,Female,WBBSE,80.8,WBCHSE,85.4,Civil Engineering,8.41,Yes,Yes,No,No,3,Yes,Not Placed
nisha_yadav90@gmail.com,Nisha Yadav,Female,WBBSE,97.9,WBCHSE,63.1,Chemical Engineering,9.3,Yes,Yes,Yes,Yes,1,No,Not Placed
joy_das44@gmail.com,Joy Das,Male,CBSE,87.5,WBCHSE,77.8,Mechanical Engineering,8.01,No,No,Yes,Yes,5,Yes,Not Placed
manish_sharma45@gmail.com,Manish Sharma,Male,ICSE,79.9,ISE,82.9,Computer Science and Engineering,8.45,Yes,Yes,No,Yes,1,Yes,Placed
urmi_mahato93@gmail.com,Urmi Mahato,Female,ICSE,86.2,CBSE,76.8,Electrical and Electronics Engineering,9.12,No,Yes,No,No,2,Yes,Not Placed
samik_nandi60@gmail.com,Samik Nandi,Male,ICSE,79.6,ISE,68,Electrical and Electronics Engineering,7.92,No,No,Yes,No,4,Yes,Not Placed
arpita_dey16@gmail.com,Arpita Dey,Female,WBBSE,98.4,Other state Board,72.6,Computer Science in AIML,9.24,Yes,No,No,Yes,1,Yes,Placed
susmita_kapoor60@gmail.com,Susmita Kapoor,Female,ICSE,94.1,WBCHSE,68.6,Computer Science in AIML,8.99,Yes,Yes,Yes,Yes,2,No,Not Placed
trisha_modi81@gmail.com,Trisha Modi,Female,WBBSE,70,ISE,66.3,Electrical Engineering,7.24,No,No,No,Yes,4,Yes,Placed
joy_banerjee15@gmail.com,Joy Banerjee,Male,State Board,85.7,CBSE,63.1,Civil Engineering,7.14,No,Yes,No,No,5,No,Not Placed
smita_bhat61@gmail.com,Smita Bhat,Female,WBBSE,84.3,ISE,86.1,Mechanical Engineering,8.35,No,Yes,No,Yes,3,Yes,Placed
madhurima_pal56@gmail.com,Madhurima Pal,Female,State Board,97.5,ISE,69.4,Information Technology,8.93,Yes,Yes,No,Yes,2,Yes,Not Placed
rakesh_kumar_singh33@gmail.com,Rakesh Kumar Singh,Male,ICSE,91.1,CBSE,65.6,Computer Science and Engineering,8.8,Yes,Yes,No,Yes,1,Yes,Placed
rina_mitra18@gmail.com,Rina Mitra,Female,WBBSE,83.7,CBSE,79.9,Computer Science in Data Science,9.29,Yes,Yes,Yes,No,2,No,Not Placed
soma_mitra76@gmail.com,Soma Mitra,Female,WBBSE,73.6,CBSE,84.2,Computer Science and Engineering,8.4,Yes,No,No,Yes,2,Yes,Placed
samik_kar21@gmail.com,Samik Kar,Male,CBSE,99.9,CBSE,65.1,Computer Science in AIML,9.11,Yes,Yes,No,Yes,2,Yes,Placed
tapan_sengupta32@gmail.com,Tapan Sengupta,Male,CBSE,71.1,CBSE,81.1,Computer Science in AIML,7.65,Yes,Yes,No,Yes,2,Yes,Placed
vidya_mahato8@gmail.com,Vidya Mahato,Female,State Board,94.3,Other state Board,90.9,Computer Science in Data Science,7.86,Yes,Yes,No,Yes,4,Yes,Placed
debika_bhowmick14@gmail.com,Debika Bhowmick,Female,WBBSE,74.4,WBCHSE,82.3,Civil Engineering,7.22,No,Yes,No,Yes,3,Yes,Placed
nshreds18@gmail.com,Shraddha nigam,Female,State Board,82,Other state Board,83,Computer Science and Engineering,6.5,Yes,Yes,No,Yes,4,Yes,Not Placed
rajesh_sinha26@gmail.com,Rajesh Sinha,Male,State Board,83.5,ISE,72.5,Computer Science and Engineering,8.62,Yes,No,No,Yes,5,Yes,Placed
ghoshbiswajit2406@gmail.com,Biswajit Ghosh,Male,WBBSE,88.6,WBCHSE,82.6,Information Technology,9.32,Yes,No,No,Yes,3,Yes,Placed
jaykumarjk3235@gmail.com,Jay Kumar Ray,Male,State Board,73.8,BSEB,70.3,Electrical Engineering,8.89,Yes,Yes,No,Yes,4,Yes,Not Placed
shubham_kumar_singh61@gmail.com,Shubham Kumar Singh,Male,ICSE,98.8,ISE,85.3,Electronics and Communication Engineering,7.16,Yes,No,No,Yes,2,Yes,Placed
trisha_singh54@gmail.com,Trisha Singh,Female,State Board,83.9,CBSE,74.9,Electronics and Communication Engineering,8.15,No,Yes,No,Yes,2,Yes,Placed
suvankar_dey42@gmail.com,Suvankar Dey,Male,ICSE,78.7,Other state Board,60.9,Electronics and Communication Engineering,7.5,Yes,Yes,No,Yes,2,Yes,Placed
utpalmajee91@gmail.com,UTPAL MAJEE,Male,CBSE,45,WBCHSE,45,Computer Science and Engineering,5.5,No,Yes,No,Yes,3,Yes,Placed
sankaranimesh1234@gmail.com,Sankar Nayak,Male,WBBSE,70,WBCHSE,82,Computer Science and Design,8.3,Yes,No,No,yes,3,Yess,Placed
arnab_choudhury87@gmail.com,Arnab Choudhury,Male,WBBSE,82.3,ISE,68.1,Chemical Engineering,8.26,No,No,Yes,Yes,2,Yes,Not Placed
manoj_bhowmick98@gmail.com,Manoj Bhowmick,Male,ICSE,82.4,ISE,82.9,Information Technology,8.06,Yes,No,No,No,5,Yes,Not Placed
tithi_goswami59@gmail.com,Tithi Goswami,Female,CBSE,74.8,ISE,84.9,Computer Science and Engineering,7.42,Yes,No,No,Yes,1,Yes,Placed
samir_roy25@gmail.com,Samir Roy,Male,CBSE,94.6,ISE,84.9,Computer Science in Data Science,8.68,Yes,Yes,Yes,No,2,Yes,Not Placed
jitesh_sinha49@gmail.com,Jitesh Sinha,Male,CBSE,86.4,ISE,72.3,Electronics and Communication Engineering,9.35,Yes,Yes,Yes,No,5,No,Not Placed
mita_dutta21@gmail.com,Mita Dutta,Female,WBBSE,88.6,WBCHSE,65.8,Computer Science in AIML,7.37,No,Yes,Yes,No,2,Yes,Not Placed
adarsh_das18@gmail.com,Adarsh Das,Male,State Board,97.8,ISE,94.2,Civil Engineering,9.19,Yes,No,No,Yes,5,Yes,Placed
mandira_kapoor63@gmail.com,Mandira Kapoor,Female,ICSE,88.8,CBSE,89.1,Computer Science and Engineering,8.34,Yes,Yes,No,No,1,Yes,Not Placed
smita_yadav92@gmail.com,Smita Yadav,Female,State Board,86.7,CBSE,86.7,Computer Science and Engineering,7.77,Yes,No,No,Yes,2,Yes,Placed
manish_sinha90@gmail.com,Manish Sinha,Male,CBSE,83.5,CBSE,61.1,Electrical Engineering,8.85,No,No,No,Yes,1,Yes,Placed
pawan_sah12@gmail.com,Pawan Sah,Male,ICSE,99.8,ISE,75.4,Electronics and Communication Engineering,7.89,Yes,Yes,Yes,Yes,5,Yes,Not Placed
abhijit_chatterjee6@gmail.com,Abhijit Chatterjee,Male,WBBSE,94.2,CBSE,90,Electronics and Communication Engineering,7.89,Yes,No,No,No,3,Yes,Not Placed
